date,ticker,horizon,before_action,after_action,before_risk,after_risk,before_state,after_state,changed_fields,source_fix,reasons
2026-08-18,FFAI,short,hold,accumulate,37,43,NEUTRAL_ZONE,IN_OPPORTUNITY_ZONE,"risk,state,landscape,action",finite/recorded earnings time/us_10y source alias/positive valid range checks,"{""supporting"": [""Relative Strength is confirming versus the selected benchmarks."", ""OBV and volume participation are confirming accumulation.""], ""limiting"": [""Primary moving-average structure remains bearish."", ""Price is extended into layered resistance rather than support."", ""10Y yield backdrop is restrictive for rate-sensitive risk.""]}"
2026-08-19,NOW,mid,hold,trim,6,10,NEUTRAL_ZONE,IN_REDUCE_ZONE,"risk,state,landscape,action",finite/recorded earnings time/us_10y source alias/positive valid range checks,"{""supporting"": [""Relative Strength is confirming versus the selected benchmarks."", ""Primary moving-average structure is constructive."", ""OBV and volume participation are confirming accumulation."", ""Primary MACD structure supports the current upside direction."", ""Several technical structures form nearby support confluence.""], ""limiting"": [""Current price has reached the reduce zone; reduce exposure rather than add."", ""10Y yield backdrop is restrictive for rate-sensitive risk.""]}"
2026-08-20,SPMO,mid,accumulate,hold,8,12,IN_OPPORTUNITY_ZONE,NEUTRAL_ZONE,"risk,state,landscape,action",finite/recorded earnings time/us_10y source alias/positive valid range checks,"{""supporting"": [""Primary moving-average structure is constructive."", ""Primary MACD structure supports the current upside direction."", ""Trend remains constructive, but current price is between the opportunity and reduce zones.""], ""limiting"": [""OBV or price-volume behavior indicates distribution."", ""Market volatility or broad trend calls for more cautious execution."", ""10Y yield backdrop is restrictive for rate-sensitive risk.""]}"
2026-09-02,SOXL,short,accumulate,hold,5,11,IN_OPPORTUNITY_ZONE,NEUTRAL_ZONE,"risk,state,landscape,action",finite/recorded earnings time/us_10y source alias/positive valid range checks,"{""supporting"": [""OBV and volume participation are confirming accumulation."", ""Downside exhaustion is developing while repair evidence is appearing.""], ""limiting"": [""Relative Strength is lagging its relevant benchmarks."", ""Primary moving-average structure remains bearish."", ""Primary MACD structure still confirms downside momentum."", ""Price is extended into layered resistance rather than support."", ""Trend is weak, but price has not entered a reduce zone or confirmed a breakdown.""]}"
2026-09-03,GOOGL,short,hold,trim,0,6,NEUTRAL_ZONE,IN_REDUCE_ZONE,"risk,state,landscape,action",finite/recorded earnings time/us_10y source alias/positive valid range checks,"{""supporting"": [""OBV and volume participation are confirming accumulation.""], ""limiting"": [""Primary moving-average structure remains bearish."", ""Relative Strength is lagging its relevant benchmarks."", ""Current price has reached the reduce zone; reduce exposure rather than add."", ""10Y yield backdrop is restrictive for rate-sensitive risk.""]}"
2026-09-08,TQQQ,short,accumulate,hold,4,10,IN_OPPORTUNITY_ZONE,NEUTRAL_ZONE,"risk,state,landscape,action",finite/recorded earnings time/us_10y source alias/positive valid range checks,"{""supporting"": [""Primary MACD structure supports the current upside direction."", ""OBV and volume participation are confirming accumulation."", ""Trend remains constructive, but current price is between the opportunity and reduce zones.""], ""limiting"": [""10Y yield backdrop is restrictive for rate-sensitive risk.""]}"
2026-09-09,ZETA,short,hold,trim,11,17,NEUTRAL_ZONE,IN_REDUCE_ZONE,"risk,state,landscape,action",finite/recorded earnings time/us_10y source alias/positive valid range checks,"{""supporting"": [""Primary moving-average structure is constructive.""], ""limiting"": [""OBV or price-volume behavior indicates distribution."", ""Primary MACD structure still confirms downside momentum."", ""Current price has reached the reduce zone; reduce exposure rather than add."", ""Market volatility or broad trend calls for more cautious execution."", ""10Y yield backdrop is restrictive for rate-sensitive risk.""]}"
2026-09-16,ORCL,mid,hold,trim,10,19,NEUTRAL_ZONE,IN_REDUCE_ZONE,"risk,state,landscape,action",finite/recorded earnings time/us_10y source alias/positive valid range checks,"{""supporting"": [], ""limiting"": [""Primary moving-average structure remains bearish."", ""Relative Strength is lagging its relevant benchmarks."", ""OBV or price-volume behavior indicates distribution."", ""Primary MACD structure still confirms downside momentum."", ""Current price has reached the reduce zone; reduce exposure rather than add.""]}"
2026-09-23,NOW,short,accumulate,hold,1,14,IN_OPPORTUNITY_ZONE,NEAR_REDUCE_ZONE,"risk,state,landscape,action",finite/recorded earnings time/us_10y source alias/positive valid range checks,"{""supporting"": [""Primary moving-average structure is constructive."", ""Relative Strength is confirming versus the selected benchmarks."", ""Primary MACD structure supports the current upside direction.""], ""limiting"": [""OBV or price-volume behavior indicates distribution."", ""Price is approaching the reduce range but has not entered the recommended reduce/exit zone."", ""10Y yield backdrop is restrictive for rate-sensitive risk.""]}"
2026-09-24,GOOGL,short,hold,trim,5,17,NEAR_OPPORTUNITY_ZONE,IN_REDUCE_ZONE,"risk,state,landscape,action",finite/recorded earnings time/us_10y source alias/positive valid range checks,"{""supporting"": [""OBV and volume participation are confirming accumulation.""], ""limiting"": [""Primary MACD structure still confirms downside momentum."", ""Current price has reached the reduce zone; reduce exposure rather than add."", ""10Y yield backdrop is restrictive for rate-sensitive risk.""]}"
